C:\Users\sirks\dev\parallel-HGS-CVRP\Instances\CVRP\XL-n5406-k783.vrp;1;1.06328e+06;2.278
C:\Users\sirks\dev\parallel-HGS-CVRP\Instances\CVRP\XL-n5406-k783.vrp;1;1.0614e+06;3.453
C:\Users\sirks\dev\parallel-HGS-CVRP\Instances\CVRP\XL-n5406-k783.vrp;1;1.06137e+06;22.609
C:\Users\sirks\dev\parallel-HGS-CVRP\Instances\CVRP\XL-n5406-k783.vrp;1;1.06122e+06;22.61
C:\Users\sirks\dev\parallel-HGS-CVRP\Instances\CVRP\XL-n5406-k783.vrp;1;1.06115e+06;22.611
C:\Users\sirks\dev\parallel-HGS-CVRP\Instances\CVRP\XL-n5406-k783.vrp;1;1.06086e+06;22.936
C:\Users\sirks\dev\parallel-HGS-CVRP\Instances\CVRP\XL-n5406-k783.vrp;1;1.06085e+06;23.298
C:\Users\sirks\dev\parallel-HGS-CVRP\Instances\CVRP\XL-n5406-k783.vrp;1;1.06062e+06;23.64
C:\Users\sirks\dev\parallel-HGS-CVRP\Instances\CVRP\XL-n5406-k783.vrp;1;1.06062e+06;23.642
C:\Users\sirks\dev\parallel-HGS-CVRP\Instances\CVRP\XL-n5406-k783.vrp;1;1.06051e+06;23.965
C:\Users\sirks\dev\parallel-HGS-CVRP\Instances\CVRP\XL-n5406-k783.vrp;1;1.06045e+06;24.389
C:\Users\sirks\dev\parallel-HGS-CVRP\Instances\CVRP\XL-n5406-k783.vrp;1;1.06001e+06;25.18
C:\Users\sirks\dev\parallel-HGS-CVRP\Instances\CVRP\XL-n5406-k783.vrp;1;1.05992e+06;30.937
C:\Users\sirks\dev\parallel-HGS-CVRP\Instances\CVRP\XL-n5406-k783.vrp;1;1.05962e+06;35.45
C:\Users\sirks\dev\parallel-HGS-CVRP\Instances\CVRP\XL-n5406-k783.vrp;1;1.05911e+06;40.97
C:\Users\sirks\dev\parallel-HGS-CVRP\Instances\CVRP\XL-n5406-k783.vrp;1;1.0591e+06;54.405
C:\Users\sirks\dev\parallel-HGS-CVRP\Instances\CVRP\XL-n5406-k783.vrp;1;1.05889e+06;54.409
C:\Users\sirks\dev\parallel-HGS-CVRP\Instances\CVRP\XL-n5406-k783.vrp;1;1.05878e+06;63.229
C:\Users\sirks\dev\parallel-HGS-CVRP\Instances\CVRP\XL-n5406-k783.vrp;1;1.05875e+06;67.864
C:\Users\sirks\dev\parallel-HGS-CVRP\Instances\CVRP\XL-n5406-k783.vrp;1;1.0585e+06;71.566
C:\Users\sirks\dev\parallel-HGS-CVRP\Instances\CVRP\XL-n5406-k783.vrp;1;1.0584e+06;72.534
C:\Users\sirks\dev\parallel-HGS-CVRP\Instances\CVRP\XL-n5406-k783.vrp;1;1.0584e+06;74.529
C:\Users\sirks\dev\parallel-HGS-CVRP\Instances\CVRP\XL-n5406-k783.vrp;1;1.05817e+06;74.968
C:\Users\sirks\dev\parallel-HGS-CVRP\Instances\CVRP\XL-n5406-k783.vrp;1;1.0581e+06;80.826
C:\Users\sirks\dev\parallel-HGS-CVRP\Instances\CVRP\XL-n5406-k783.vrp;1;1.0578e+06;89.082
C:\Users\sirks\dev\parallel-HGS-CVRP\Instances\CVRP\XL-n5406-k783.vrp;1;1.05756e+06;90.765
C:\Users\sirks\dev\parallel-HGS-CVRP\Instances\CVRP\XL-n5406-k783.vrp;1;1.05755e+06;91.892
C:\Users\sirks\dev\parallel-HGS-CVRP\Instances\CVRP\XL-n5406-k783.vrp;1;1.0575e+06;96.328
C:\Users\sirks\dev\parallel-HGS-CVRP\Instances\CVRP\XL-n5406-k783.vrp;1;1.05742e+06;96.777
C:\Users\sirks\dev\parallel-HGS-CVRP\Instances\CVRP\XL-n5406-k783.vrp;1;1.0573e+06;97.591
C:\Users\sirks\dev\parallel-HGS-CVRP\Instances\CVRP\XL-n5406-k783.vrp;1;1.05717e+06;103.666
C:\Users\sirks\dev\parallel-HGS-CVRP\Instances\CVRP\XL-n5406-k783.vrp;1;1.05705e+06;112.108
C:\Users\sirks\dev\parallel-HGS-CVRP\Instances\CVRP\XL-n5406-k783.vrp;1;1.05692e+06;116.706
C:\Users\sirks\dev\parallel-HGS-CVRP\Instances\CVRP\XL-n5406-k783.vrp;1;1.05671e+06;119.357
C:\Users\sirks\dev\parallel-HGS-CVRP\Instances\CVRP\XL-n5406-k783.vrp;1;1.05656e+06;141.212
C:\Users\sirks\dev\parallel-HGS-CVRP\Instances\CVRP\XL-n5406-k783.vrp;1;1.05618e+06;151.508
C:\Users\sirks\dev\parallel-HGS-CVRP\Instances\CVRP\XL-n5406-k783.vrp;1;1.05618e+06;166.948
C:\Users\sirks\dev\parallel-HGS-CVRP\Instances\CVRP\XL-n5406-k783.vrp;1;1.05584e+06;167.876
C:\Users\sirks\dev\parallel-HGS-CVRP\Instances\CVRP\XL-n5406-k783.vrp;1;1.05583e+06;179.432
C:\Users\sirks\dev\parallel-HGS-CVRP\Instances\CVRP\XL-n5406-k783.vrp;1;1.05572e+06;207.441
C:\Users\sirks\dev\parallel-HGS-CVRP\Instances\CVRP\XL-n5406-k783.vrp;1;1.0554e+06;209.791
C:\Users\sirks\dev\parallel-HGS-CVRP\Instances\CVRP\XL-n5406-k783.vrp;1;1.05536e+06;212.895
C:\Users\sirks\dev\parallel-HGS-CVRP\Instances\CVRP\XL-n5406-k783.vrp;1;1.0553e+06;222.109
C:\Users\sirks\dev\parallel-HGS-CVRP\Instances\CVRP\XL-n5406-k783.vrp;1;1.05523e+06;226.961
C:\Users\sirks\dev\parallel-HGS-CVRP\Instances\CVRP\XL-n5406-k783.vrp;1;1.05519e+06;229.535
C:\Users\sirks\dev\parallel-HGS-CVRP\Instances\CVRP\XL-n5406-k783.vrp;1;1.05515e+06;236.885
C:\Users\sirks\dev\parallel-HGS-CVRP\Instances\CVRP\XL-n5406-k783.vrp;1;1.05501e+06;240.318
C:\Users\sirks\dev\parallel-HGS-CVRP\Instances\CVRP\XL-n5406-k783.vrp;1;1.05486e+06;246.186
C:\Users\sirks\dev\parallel-HGS-CVRP\Instances\CVRP\XL-n5406-k783.vrp;1;1.05467e+06;265.496
C:\Users\sirks\dev\parallel-HGS-CVRP\Instances\CVRP\XL-n5406-k783.vrp;1;1.05464e+06;267.791
C:\Users\sirks\dev\parallel-HGS-CVRP\Instances\CVRP\XL-n5406-k783.vrp;1;1.05451e+06;273.453
C:\Users\sirks\dev\parallel-HGS-CVRP\Instances\CVRP\XL-n5406-k783.vrp;1;1.05437e+06;279.67
C:\Users\sirks\dev\parallel-HGS-CVRP\Instances\CVRP\XL-n5406-k783.vrp;1;1.05417e+06;284.802
C:\Users\sirks\dev\parallel-HGS-CVRP\Instances\CVRP\XL-n5406-k783.vrp;1;1.05409e+06;298.74
C:\Users\sirks\dev\parallel-HGS-CVRP\Instances\CVRP\XL-n5406-k783.vrp;1;1.05409e+06;315.357
C:\Users\sirks\dev\parallel-HGS-CVRP\Instances\CVRP\XL-n5406-k783.vrp;1;1.05402e+06;321.352
C:\Users\sirks\dev\parallel-HGS-CVRP\Instances\CVRP\XL-n5406-k783.vrp;1;1.05387e+06;327.28
C:\Users\sirks\dev\parallel-HGS-CVRP\Instances\CVRP\XL-n5406-k783.vrp;1;1.05383e+06;327.289
C:\Users\sirks\dev\parallel-HGS-CVRP\Instances\CVRP\XL-n5406-k783.vrp;1;1.05378e+06;336.967
C:\Users\sirks\dev\parallel-HGS-CVRP\Instances\CVRP\XL-n5406-k783.vrp;1;1.05366e+06;343.342
C:\Users\sirks\dev\parallel-HGS-CVRP\Instances\CVRP\XL-n5406-k783.vrp;1;1.05354e+06;363.312
C:\Users\sirks\dev\parallel-HGS-CVRP\Instances\CVRP\XL-n5406-k783.vrp;1;1.05352e+06;369.345
C:\Users\sirks\dev\parallel-HGS-CVRP\Instances\CVRP\XL-n5406-k783.vrp;1;1.05349e+06;415.123
C:\Users\sirks\dev\parallel-HGS-CVRP\Instances\CVRP\XL-n5406-k783.vrp;1;1.05349e+06;432.706
C:\Users\sirks\dev\parallel-HGS-CVRP\Instances\CVRP\XL-n5406-k783.vrp;1;1.05339e+06;442.584
C:\Users\sirks\dev\parallel-HGS-CVRP\Instances\CVRP\XL-n5406-k783.vrp;1;1.0533e+06;479.196
C:\Users\sirks\dev\parallel-HGS-CVRP\Instances\CVRP\XL-n5406-k783.vrp;1;1.05317e+06;512.854
C:\Users\sirks\dev\parallel-HGS-CVRP\Instances\CVRP\XL-n5406-k783.vrp;1;1.05316e+06;543.794
C:\Users\sirks\dev\parallel-HGS-CVRP\Instances\CVRP\XL-n5406-k783.vrp;1;1.05315e+06;554.248
C:\Users\sirks\dev\parallel-HGS-CVRP\Instances\CVRP\XL-n5406-k783.vrp;1;1.05303e+06;571.173
C:\Users\sirks\dev\parallel-HGS-CVRP\Instances\CVRP\XL-n5406-k783.vrp;1;1.05303e+06;573.253
C:\Users\sirks\dev\parallel-HGS-CVRP\Instances\CVRP\XL-n5406-k783.vrp;1;1.05302e+06;589.163
C:\Users\sirks\dev\parallel-HGS-CVRP\Instances\CVRP\XL-n5406-k783.vrp;1;1.05299e+06;592.337
